student_code,full_name,class_name,email,course_code,course_name,semester_code,semester_name,current_week,score,attendance_rate,late_submissions
DEMO001,Nguyễn Minh Anh,CNTT 17-01,demo001@example.invalid,CS101,Cơ sở dữ liệu,HK1-2026,Học kỳ 1 năm học 2026-2027,1,4.9,10,3
DEMO002,Trần Minh Anh,CNTT 17-01,demo002@example.invalid,CS101,Cơ sở dữ liệu,HK1-2026,Học kỳ 1 năm học 2026-2027,2,5.6,9,0
DEMO003,Lê Minh Anh,CNTT 17-01,demo003@example.invalid,CS101,Cơ sở dữ liệu,HK1-2026,Học kỳ 1 năm học 2026-2027,3,6.3,8,3
DEMO004,Phạm Minh Anh,QTKD 17-01,demo004@example.invalid,ML201,Học máy ứng dụng,HK1-2026,Học kỳ 1 năm học 2026-2027,4,7.0,7,0
DEMO005,Hoàng Minh Anh,QTKD 17-01,demo005@example.invalid,ML201,Học máy ứng dụng,HK1-2026,Học kỳ 1 năm học 2026-2027,5,7.7,6,3
DEMO006,Vũ Minh Anh,QTKD 17-01,demo006@example.invalid,ML201,Học máy ứng dụng,HK1-2026,Học kỳ 1 năm học 2026-2027,6,8.4,5,0
DEMO007,Đặng Minh Anh,NNH 17-01,demo007@example.invalid,SK301,Kỹ năng chuyên ngành,HK1-2026,Học kỳ 1 năm học 2026-2027,7,9.1,4,3
DEMO008,Bùi Minh Anh,NNH 17-01,demo008@example.invalid,SK301,Kỹ năng chuyên ngành,HK1-2026,Học kỳ 1 năm học 2026-2027,8,4.6,3,0
DEMO009,Đỗ Minh Anh,NNH 17-01,demo009@example.invalid,SK301,Kỹ năng chuyên ngành,HK1-2026,Học kỳ 1 năm học 2026-2027,9,5.3,2,3
DEMO010,Hồ Minh Anh,CNTT 18-01,demo010@example.invalid,CS101,Cơ sở dữ liệu,HK1-2026,Học kỳ 1 năm học 2026-2027,10,6.0,1,0
DEMO011,Ngô Minh Anh,CNTT 18-01,demo011@example.invalid,CS101,Cơ sở dữ liệu,HK1-2026,Học kỳ 1 năm học 2026-2027,5,6.7,10,3
DEMO012,Dương Minh Anh,CNTT 18-01,demo012@example.invalid,CS101,Cơ sở dữ liệu,HK1-2026,Học kỳ 1 năm học 2026-2027,6,7.4,9,0
DEMO013,Nguyễn Thị Anh,QTKD 18-01,demo013@example.invalid,ML201,Học máy ứng dụng,HK1-2026,Học kỳ 1 năm học 2026-2027,7,8.1,8,3
DEMO014,Trần Thị Anh,QTKD 18-01,demo014@example.invalid,ML201,Học máy ứng dụng,HK1-2026,Học kỳ 1 năm học 2026-2027,8,8.8,7,0
DEMO015,Lê Thị Anh,QTKD 18-01,demo015@example.invalid,ML201,Học máy ứng dụng,HK1-2026,Học kỳ 1 năm học 2026-2027,9,4.3,6,3
DEMO016,Phạm Thị Anh,NNH 18-01,demo016@example.invalid,SK301,Kỹ năng chuyên ngành,HK1-2026,Học kỳ 1 năm học 2026-2027,10,5.0,5,0
DEMO017,Hoàng Thị Anh,NNH 18-01,demo017@example.invalid,SK301,Kỹ năng chuyên ngành,HK1-2026,Học kỳ 1 năm học 2026-2027,5,5.7,4,3
DEMO018,Vũ Thị Anh,NNH 18-01,demo018@example.invalid,SK301,Kỹ năng chuyên ngành,HK1-2026,Học kỳ 1 năm học 2026-2027,6,6.4,3,0
DEMO019,Đặng Thị Anh,CNTT 19-01,demo019@example.invalid,CS101,Cơ sở dữ liệu,HK1-2026,Học kỳ 1 năm học 2026-2027,7,7.1,2,3
DEMO020,Bùi Thị Anh,CNTT 19-01,demo020@example.invalid,CS101,Cơ sở dữ liệu,HK1-2026,Học kỳ 1 năm học 2026-2027,8,7.8,1,0
DEMO021,Đỗ Thị Anh,QTKD 19-01,demo021@example.invalid,ML201,Học máy ứng dụng,HK1-2026,Học kỳ 1 năm học 2026-2027,9,8.5,10,3
DEMO022,Hồ Thị Anh,QTKD 19-01,demo022@example.invalid,ML201,Học máy ứng dụng,HK1-2026,Học kỳ 1 năm học 2026-2027,10,9.2,9,0
DEMO023,Ngô Thị Anh,NNH 19-01,demo023@example.invalid,SK301,Kỹ năng chuyên ngành,HK1-2026,Học kỳ 1 năm học 2026-2027,5,4.7,8,3
DEMO024,Dương Thị Anh,NNH 19-01,demo024@example.invalid,SK301,Kỹ năng chuyên ngành,HK1-2026,Học kỳ 1 năm học 2026-2027,6,5.4,7,0
DEMO025,Nguyễn Quang Anh,CNTT 20-01,demo025@example.invalid,CS101,Cơ sở dữ liệu,HK1-2026,Học kỳ 1 năm học 2026-2027,7,6.1,6,3
DEMO026,Trần Quang Anh,CNTT 20-01,demo026@example.invalid,CS101,Cơ sở dữ liệu,HK1-2026,Học kỳ 1 năm học 2026-2027,8,6.8,5,0
DEMO027,Lê Quang Anh,QTKD 20-01,demo027@example.invalid,ML201,Học máy ứng dụng,HK1-2026,Học kỳ 1 năm học 2026-2027,9,7.5,4,3
DEMO028,Phạm Quang Anh,QTKD 20-01,demo028@example.invalid,ML201,Học máy ứng dụng,HK1-2026,Học kỳ 1 năm học 2026-2027,10,8.2,3,0
DEMO029,Hoàng Quang Anh,NNH 20-01,demo029@example.invalid,SK301,Kỹ năng chuyên ngành,HK1-2026,Học kỳ 1 năm học 2026-2027,5,8.9,2,3
DEMO030,Vũ Quang Anh,NNH 20-01,demo030@example.invalid,SK301,Kỹ năng chuyên ngành,HK1-2026,Học kỳ 1 năm học 2026-2027,6,4.4,1,0
